month,ticker,entry_date,entry_price,matrix_score,rsi_at_entry,rsi_bucket,macd_trend_at_entry,days_elapsed,return_30d_pct,alpha_30d_pct,return_60d_pct,alpha_60d_pct
2026-08,WYNN,2026-08-20,100.1,5,48.9,45-55,FALLING,42,-16.76,-18.41,,
2026-08,STX,2026-08-20,832.56,5,48.0,45-55,FALLING,42,5.29,3.65,,
2026-08,KEYS,2026-08-20,319.45,4,53.0,45-55,FALLING,42,7.07,5.43,,
2026-08,STLD,2026-08-20,231.01,4,34.6,30-45,FALLING,42,-0.68,-2.32,,
2026-08,AVGO,2026-08-20,362.48,3,38.3,30-45,FALLING,42,0.05,-1.59,,
2026-08,COHR,2026-08-20,287.47,3,55.8,55-70,FALLING,42,11.84,10.2,,
2026-08,ADI,2026-08-20,373.26,3,54.2,45-55,FALLING,42,2.61,0.97,,
2026-08,AFL,2026-08-20,116.51,3,18.2,<30,FLAT,42,-1.14,-2.78,,
2026-08,GL,2026-08-20,171.46,3,27.6,<30,FALLING,42,0.41,-1.23,,
2026-08,LOW,2026-08-20,220.0,3,61.6,55-70,FALLING,42,-13.19,-14.83,,
2026-08,ONTO,2026-08-20,299.5,3,60.4,55-70,FALLING,42,-7.85,-9.5,,
2026-08,TRV,2026-08-20,362.22,3,34.9,30-45,FALLING,42,2.46,0.82,,
2026-08,SITM,2026-08-20,618.71,3,58.3,55-70,FALLING,42,3.17,1.53,,
2026-08,RMBS,2026-08-20,90.85,3,51.5,45-55,FALLING,42,6.73,5.08,,
2026-08,DIOD,2026-08-20,94.32,3,58.5,55-70,FALLING,42,-3.81,-5.45,,
2026-08,CBOE,2026-08-20,280.75,3,40.0,30-45,FALLING,42,-3.32,-4.96,,
2026-08,NTES,2026-08-20,127.25,3,41.9,30-45,RISING,42,-7.69,-9.33,,
2026-08,AMKR,2026-08-20,50.89,3,54.1,45-55,FALLING,42,2.55,0.91,,
2026-08,NBIS,2026-08-20,223.9,3,57.6,55-70,FALLING,42,3.97,2.33,,
2026-08,TYL,2026-08-20,346.88,3,61.7,55-70,RISING,42,-4.16,-5.8,,
2026-09,CPB,2026-09-03,21.72,3,36.3,30-45,FALLING,28,,,,
2026-09,PYPL,2026-09-03,54.68,2,29.1,<30,FLAT,28,,,,
2026-09,CLX,2026-09-03,94.14,2,18.7,<30,FALLING,28,,,,
2026-09,GEHC,2026-09-03,69.67,2,30.2,30-45,FALLING,28,,,,
2026-09,BIDU,2026-09-03,93.78,2,30.6,30-45,RISING,28,,,,
2026-09,AVL,2026-09-03,35.24,2,16.9,<30,RISING,28,,,,
2026-09,APTV,2026-09-03,44.96,2,28.1,<30,RISING,28,,,,
2026-09,CRUS,2026-09-03,113.84,2,31.9,30-45,RISING,28,,,,
2026-09,ON,2026-09-03,71.82,2,24.2,<30,RISING,28,,,,
2026-09,HSY,2026-09-03,173.45,2,34.6,30-45,FALLING,28,,,,
2026-09,RARE,2026-09-03,14.55,2,18.4,<30,FALLING,28,,,,
2026-09,QLYS,2026-09-03,168.99,2,28.1,<30,FALLING,28,,,,
2026-09,MDB,2026-09-03,382.52,2,31.1,30-45,FALLING,28,,,,
2026-09,TENB,2026-09-03,33.46,2,33.5,30-45,FALLING,28,,,,
2026-09,NET,2026-09-03,277.19,2,32.4,30-45,FALLING,28,,,,
2026-09,RPD,2026-09-03,11.16,2,32.2,30-45,FALLING,28,,,,
2026-09,HPE,2026-09-03,49.35,2,24.0,<30,FALLING,28,,,,
2026-09,AXON,2026-09-03,523.5,2,33.2,30-45,FALLING,28,,,,
2026-09,BAX,2026-09-03,25.47,2,32.0,30-45,FLAT,28,,,,
2026-09,COO,2026-09-03,69.88,2,20.2,<30,FLAT,28,,,,
2026-10,HRL,2026-10-01,19.94,4,32.1,30-45,RISING,0,,,,
2026-10,CMI,2026-10-01,516.57,4,30.0,30-45,RISING,0,,,,
2026-10,UDR,2026-10-01,33.55,4,27.3,<30,RISING,0,,,,
2026-10,APTV,2026-10-01,43.02,4,34.9,30-45,FALLING,0,,,,
2026-10,WETO,2026-10-01,1.01,4,18.7,<30,FLAT,0,,,,
2026-10,MDT,2026-10-01,86.29,4,33.6,30-45,FLAT,0,,,,
2026-10,FAST,2026-10-01,49.53,4,55.5,55-70,FALLING,0,,,,
2026-10,XLV,2026-10-01,168.42,4,63.2,55-70,FALLING,0,,,,
2026-10,PCG,2026-10-01,12.25,4,20.5,<30,RISING,0,,,,
2026-10,J,2026-10-01,135.27,3,38.1,30-45,FLAT,0,,,,
2026-10,COO,2026-10-01,56.53,3,61.4,55-70,RISING,0,,,,
2026-10,PSKY,2026-10-01,10.33,3,50.0,45-55,RISING,0,,,,
2026-10,HOOD,2026-10-01,112.5,3,49.1,45-55,FALLING,0,,,,
2026-10,NCLH,2026-10-01,14.66,3,51.5,45-55,RISING,0,,,,
2026-10,NVR,2026-10-01,6154.39,3,53.4,45-55,FALLING,0,,,,
2026-10,LULU,2026-10-01,96.19,3,48.7,45-55,FALLING,0,,,,
2026-10,DECK,2026-10-01,78.14,3,43.6,30-45,FLAT,0,,,,
2026-10,VIPS,2026-10-01,12.51,3,48.1,45-55,RISING,0,,,,
2026-10,AKAM,2026-10-01,106.35,3,49.0,45-55,FALLING,0,,,,
2026-10,PHM,2026-10-01,116.06,3,49.8,45-55,FALLING,0,,,,
